the_geom,Name,STREETNAME,HOUSENUM,CITY,ZIP,URL,BIN,BBL,X,Y,SYSTEM,BOROCODE,,long,lat
POINT (-73.95353074430393 40.80297988196676),115th Street,West 115th Street,203,New York,10026,http://www.nypl.org/locations/115th-street,1055236,1018310026,997115.1298,231827.6529,NYPL,1,-73.95353074430393 40.80297988,-73.95353,40.802979
POINT (-73.9348475633247 40.80301816141575),125th Street,East 125th Street,224,New York,10035,http://www.nypl.org/locations/125th-street,1054674,1017890037,1002287.604,231844.895,NYPL,1,-73.9348475633247 40.803018161,-73.934847,40.803018
POINT (-73.97736329270697 40.76080689474172),53rd Street,West 53rd Street,18,New York,10019,http://www.nypl.org/locations/53rd-street,1089376,1012687503,990521,216460,NYPL,1,-73.97736329270697 40.76080689,-73.977363,40.760806
POINT (-73.9693817046576 40.7621860177235),58th Street,East 58th Street,127,New York,10022,http://www.nypl.org/locations/58th-street,1037165,1013130005,992731.9469,216963.1317,NYPL,1,-73.9693817046576 40.762186017,-73.969381,40.762186
POINT (-73.95954994584243 40.764915006253425),67th Street,East 67th Street,328,New York,10065,http://www.nypl.org/locations/67th-street,1044749,1014410038,995455.1029,217958.4969,NYPL,1,-73.95954994584243 40.76491500,-73.959549,40.764915
POINT (-73.9518056716208 40.785959798621555),96th Street,East 96th Street,112,New York,10128,http://www.nypl.org/locations/96th-street,1048501,1015240064,997596.1321,225626.9058,NYPL,1,-73.9518056716208 40.785959798,-73.951805,40.785959
POINT (-73.94345827853815 40.79421476546373),Aguilar,East 110th Street,174,New York,10029,http://www.nypl.org/locations/aguilar,1052167,1016370141,999905.778,228635.8556,NYPL,1,-73.94345827853815 40.79421476,-73.943458,40.794214
POINT (-73.86322248483968 40.866804429026935),Allerton,Barnes Avenue,2740,Bronx,10467,http://www.nypl.org/locations/allerton,2053752,2045130016,1022080.875,255107.4242,NYPL,2,-73.86322248483968 40.86680442,-73.863222,40.866804
POINT (-73.99335691118674 40.74046545561088),Andrew Heiskell Braille and Talking Book,West 20th Street,40,New York,10011,http://www.nypl.org/locations/heiskell,1076145,1008217501,986090.8831,209048.2171,NYPL,1,-73.99335691118674 40.74046545,-73.993356,40.740465
POINT (-74.0157487123272 40.715690873439094),Battery Park City Library,North End Avenue,175,New York,10282,http://www.nypl.org/locations/battery-park-city,1087518,1000167516,979884.2118,200022.3889,NYPL,1,-74.0157487123272 40.715690873,-74.015748,40.71569
POINT (-73.82931594567218 40.87075330808789),Baychester,Asch Loop North,2049,Bronx,10475,http://www.nypl.org/locations/baychester,2097466,2051410100,1031456.167,256562.6111,NYPL,2,-73.82931594567218 40.87075330,-73.829315,40.870753
POINT (-73.88788268526544 40.85434421451861),Belmont Library and Enrico Fermi Cultural Center,East 186th Street,610,Bronx,10458,http://www.nypl.org/locations/belmont,2012129,2030730020,1015266,250558,NYPL,2,-73.88788268526544 40.85434421,-73.887882,40.854344
POINT (-73.96760677135273 40.79587354648015),Bloomingdale,West 100th Street,150,New York,10025,http://www.nypl.org/locations/bloomingdale,1055906,1018520049,993219.1042,229236.8125,NYPL,1,-73.96760677135273 40.79587354,-73.967606,40.795873
POINT (-73.89450288645044 40.86298060519321),Bronx Library Center,East Kingsbridge Road,310,Bronx,10458,http://www.nypl.org/locations/bronx-library-center,2116006,2031540083,1013430.807,253702.2928,NYPL,2,-73.89450288645044 40.86298060,-73.894502,40.86298
POINT (-73.85017019717382 40.82662920810023),Castle Hill,Castle Hill Avenue,947,Bronx,10473,http://www.nypl.org/locations/castle-hill,2022944,2036880042,1025716,240476,NYPL,2,-73.85017019717382 40.82662920,-73.85017,40.826629
POINT (-73.99648986636721 40.71333307050747),Chatham Square,East Broadway,33,New York,10002,http://www.nypl.org/locations/chatham-square,1003425,1002800044,985223.0981,199162.9967,NYPL,1,-73.99648986636721 40.71333307,-73.996489,40.713333
POINT (-73.78636658900808 40.8476919036199),City Island,City Island Avenue,320,Bronx,10464,http://www.nypl.org/locations/city-island,2082611,2056440007,1043355.16,248186.5342,NYPL,2,-73.78636658900808 40.84769190,-73.786366,40.847691
POINT (-73.87502060024048 40.82999287527917),Clason's Point,Morrison Avenue,1215,Bronx,10472,http://www.nypl.org/locations/clasons-point,2025381,2037770062,1018836.808,241690.7181,NYPL,2,-73.87502060024048 40.82999287,-73.87502,40.829992
POINT (-73.99122081783712 40.764934618394804),Columbus,10th Avenue,742,New York,10019,http://www.nypl.org/locations/columbus,1026706,1010600063,986681.9279,217963.177,NYPL,1,-73.99122081783712 40.76493461,-73.99122,40.764934
POINT (-73.94116092350963 40.81483582138157),Countee Cullen,West 136th Street,104,New York,10030,http://www.nypl.org/locations/countee-cullen,1058275,1019200026,1000536.844,236149.25,NYPL,1,-73.94116092350963 40.81483582,-73.94116,40.814835
POINT (-74.1011372893581 40.59039133599787),Dongan Hills,Richmond Road,1617,Staten Island,10304,http://www.nypl.org/locations/dongan-hills,5022895,5008830008,956160.4689,154388.1152,NYPL,5,-74.1011372893581 40.590391335,-74.101137,40.590391
POINT (-73.84506427532864 40.87013970297055),Eastchester,East Gun Hill Road,1385,Bronx,10469,http://www.nypl.org/locations/eastchester,2061767,2047620022,1027101.044,256330.9559,NYPL,2,-73.84506427532864 40.87013970,-73.845064,40.870139
POINT (-73.84083712785493 40.88889489584642),Edenwald,East 233rd Street,1255,Bronx,10466,http://www.nypl.org/locations/edenwald,2066596,2049560001,1028257.742,263166.3061,NYPL,2,-73.84083712785493 40.88889489,-73.840837,40.888894
POINT (-73.98204888964264 40.738087120390595),Epiphany,East 23rd Street,228,New York,10010,http://www.nypl.org/locations/epiphany,1019661,1009030046,989224.6551,208182.1542,NYPL,1,-73.98204888964264 40.73808712,-73.982048,40.738087
POINT (-73.93386591312449 40.847870041168214),Fort Washington,West 179th Street,535,New York,10033,http://www.nypl.org/locations/fort-washington,1063632,1021530053,1002547.039,248186.2701,NYPL,1,-73.93386591312449 40.84787004,-73.933865,40.84787
POINT (-73.90931635032427 40.85742189422779),Francis Martin,University Avenue,2150,Bronx,10453,http://www.nypl.org/locations/francis-martin,2014579,2032110005,1009335.458,251672.4524,NYPL,2,-73.90931635032427 40.85742189,-73.909316,40.857421
POINT (-73.95705320654999 40.813768964572695),George Bruce,West 125th Street,518,New York,10027,http://www.nypl.org/locations/george-bruce,1059688,1019800022,996138,235758,NYPL,1,-73.95705320654999 40.81376896,-73.957053,40.813768
POINT (-73.97356771683344 40.754067875550625),Grand Central,East 46th Street,135,New York,10017,http://www.nypl.org/locations/grand-central,1036206,1013010023,991573.2212,214005.0501,NYPL,1,-73.97356771683344 40.75406787,-73.973567,40.754067
POINT (-73.91008714449384 40.844001911750446),Grand Concourse,East 173rd Street,155,Bronx,10457,http://www.nypl.org/locations/grand-concourse,2007870,2028240034,1009127.255,246782.8251,NYPL,2,-73.91008714449384 40.84400191,-73.910087,40.844001
POINT (-74.15111164313684 40.55242326280796),Great Kills,Giffords Lane,56,Staten Island,10308,http://www.nypl.org/locations/great-kills,5070285,5054360019,942256.9088,140575.4151,NYPL,5,-74.15111164313684 40.55242326,-74.151111,40.552423
POINT (-73.97942314417445 40.71978015438276),Hamilton Fish Park,East Houston Street,415,New York,10002,http://www.nypl.org/locations/hamilton-fish-park,1004070,1003350001,989953.8746,201512.5166,NYPL,1,-73.97942314417445 40.71978015,-73.979423,40.71978
POINT (-73.94803241890192 40.82567237379984),Hamilton Grange,West 145th Street,503,New York,10031,http://www.nypl.org/locations/hamilton-grange,1061938,1020770026,998632.4499,240096.1941,NYPL,1,-73.94803241890192 40.82567237,-73.948032,40.825672
POINT (-73.94331559838257 40.80616044207548),Harlem,West 124th Street,9,New York,10027,http://www.nypl.org/locations/harlem,1053460,1017220030,999942.4683,232988.1079,NYPL,1,-73.94331559838257 40.80616044,-73.943315,40.80616
POINT (-73.92355090156951 40.837960016855035),High Bridge,West 168th Street,78,Bronx,10452,http://www.nypl.org/locations/high-bridge,2003163,2025100027,1005404,244578,NYPL,2,-73.92355090156951 40.83796001,-73.92355,40.83796
POINT (-74.00533101445356 40.72998291458653),Hudson Park,Leroy Street,66,New York,10014,http://www.nypl.org/locations/hudson-park,1009760,1005820018,982772.4767,205229.0729,NYPL,1,-74.00533101445356 40.72998291,-74.005331,40.729982
POINT (-74.19322900650182 40.534078493080344),Huguenot Park,Huguenot Avenue,830,Staten Island,10312,http://www.nypl.org/locations/huguenot-park,5083401,5068170001,930538,133915,NYPL,5,-74.19322900650182 40.53407849,-74.193229,40.534078
POINT (-73.89413216580388 40.818670087188615),Hunts Point,Southern Boulevard,877,Bronx,10459,http://www.nypl.org/locations/hunts-point,2005755,2027220063,1013552.86,237558.448,NYPL,2,-73.89413216580388 40.81867008,-73.894132,40.81867
POINT (-73.92586290917251 40.865748720737024),Inwood,Broadway,4790,New York,10034,http://www.nypl.org/locations/inwood,1064894,1022330013,1004755.683,254701.9306,NYPL,1,-73.92586290917251 40.86574872,-73.925862,40.865748
POINT (-73.99916928513315 40.73463470830847),Jefferson Market,Avenue of the Americas,425,New York,10011,http://www.nypl.org/locations/jefferson-market,1082668,1006060001,984480.2216,206923.8232,NYPL,1,-73.99916928513315 40.73463470,-73.999169,40.734634
POINT (-73.90119235962918 40.86906986689302),Jerome Park,Eames Place,118,Bronx,10468,http://www.nypl.org/locations/jerome-park,2015263,2032480070,1011577.977,255918.6894,NYPL,2,-73.90119235962918 40.86906986,-73.901192,40.869069
POINT (-73.90770595199646 40.88069989038004),Kingsbridge,West 231st Street,291,Bronx,10463,http://www.nypl.org/locations/kingsbridge,2119474,2057130123,1009772,260154,NYPL,2,-73.90770595199646 40.88069989,-73.907705,40.880699
POINT (-73.97990195853163 40.74380962013242),Kips Bay,Third Avenue,446,New York,10016,http://www.nypl.org/locations/kips-bay,1018325,1008860051,989819.1396,210267.1716,NYPL,1,-73.97990195853163 40.74380962,-73.979901,40.743809
POINT (-73.93586246250698 40.82653201339423),Macomb's Bridge,Adam Clayton Powell Jr. Boulevard,2650,New York,10039,http://www.nypl.org/locations/macombs-bridge,1084156,1020370011,1002000.354,240411.6243,NYPL,1,-73.93586246250698 40.82653201,-73.935862,40.826532
POINT (-74.16658190502365 40.63469343184469),Mariners Harbor,South Ave,206,Staten Island,10303,http://www.nypl.org/locations/mariners-harbor,5109138,5012660064,938014.8125,170556.2708,NYPL,5,-74.16658190502365 40.63469343,-74.166581,40.634693
POINT (-73.91758393603561 40.826584558970666),Melrose,Morris Avenue,910,Bronx,10451,http://www.nypl.org/locations/melrose,2001950,2024220001,1007059,240435,NYPL,2,-73.91758393603561 40.82658455,-73.917583,40.826584
POINT (-73.98169851078917 40.75189156171031),Mid-Manhattan,Fifth Avenue,455,New York,10016,http://www.nypl.org/locations/mid-manhattan-library,1017602,1008690074,989320.7021,213211.5733,NYPL,1,-73.98169851078917 40.75189156,-73.981698,40.751891
POINT (-73.96477561597041 40.80613025800837),Morningside Heights,Broadway,2900,New York,10025,http://www.nypl.org/locations/morningside-heights,1057018,1018857501,994001.4974,232973.994,NYPL,1,-73.96477561597041 40.80613025,-73.964775,40.80613
POINT (-73.85695785375374 40.84802911005552),Morris Park,Morris Park Avenue,985,Bronx,10462,http://www.nypl.org/locations/morris-park,2045398,2041260040,1023824.759,248269.6298,NYPL,2,-73.85695785375374 40.84802911,-73.856957,40.848029
POINT (-73.90179407206183 40.83126291201479),Morrisania,East 169th Street,610,Bronx,10456,http://www.nypl.org/locations/morrisania,2004303,2026150023,1011427,242144,NYPL,2,-73.90179407206183 40.83126291,-73.901794,40.831262
POINT (-73.87838435032448 40.87437981398938),Mosholu,East 205th Street,285,Bronx,10467,http://www.nypl.org/locations/mosholu,2018123,2033410076,1017883.472,257861.2471,NYPL,2,-73.87838435032448 40.87437981,-73.878384,40.874379
POINT (-73.92438195200242 40.81158963775246),Mott Haven,East 140th Street,321,Bronx,10454,http://www.nypl.org/locations/mott-haven,2000744,2023150018,1005182.336,234970.1142,NYPL,2,-73.92438195200242 40.81158963,-73.924381,40.811589
POINT (-73.9959685690698 40.74448733065495),Muhlenberg,West 23rd Street,209,New York,10011,http://www.nypl.org/locations/muhlenberg,1014150,1007730038,985367.0924,210513.47,NYPL,1,-73.9959685690698 40.744487330,-73.995968,40.744487
POINT (-73.99568416859454 40.72413926605543),Mulberry Street,Jersey Street,10,New York,10012,http://www.nypl.org/locations/mulberry-street,1007931,1005107501,985446.264,203100.0348,NYPL,1,-73.99568416859454 40.72413926,-73.995684,40.724139
POINT (-74.00786921340098 40.71357685109021),New Amsterdam,Murray Street,9,New York,10007,http://www.nypl.org/locations/new-amsterdam,1001446,1001347503,982068.4624,199251.8918,NYPL,1,-74.00786921340098 40.71357685,-74.007869,40.713576
POINT (-74.11195814748115 40.57193184836513),New Dorp,New Dorp Lane,309,Staten Island,10306,http://www.nypl.org/locations/new-dorp,5052750,5036430005,953146.5261,147666.5239,NYPL,5,-74.11195814748115 40.57193184,-74.111958,40.571931
POINT (-73.98454684522841 40.7735069911927),"Library for the Performing Arts, Dorothy and Lewis B. Cullman Center",Lincoln Center Plaza,40,New York,10023,http://www.nypl.org/locations/lpa,1028832,1011340025,988530.1391,221086.633,NYPL,1,-73.98454684522841 40.77350699,-73.984546,40.773506
POINT (-73.98774284104663 40.72890664078863),Ottendorfer,Second Avenue,135,New York,10003,http://www.nypl.org/locations/ottendorfer,1079841,1004640039,987647.2016,204837.1454,NYPL,1,-73.98774284104663 40.72890664,-73.987742,40.728906
POINT (-73.85835004816082 40.83378098529545),Parkchester,Westchester Avenue,1985,Bronx,10462,http://www.nypl.org/locations/parkchester,2028890,2039300059,1023447.982,243077.8856,NYPL,2,-73.85835004816082 40.83378098,-73.85835,40.83378
POINT (-73.82790017237492 40.844317529931516),Pelham Bay,Middletown Road,3060,Bronx,10461,http://www.nypl.org/locations/pelham-bay,2074963,2054040002,1031866.65,246931.8248,NYPL,2,-73.82790017237492 40.84431752,-73.8279,40.844317
POINT (-73.8641466616336 40.85487588027384),Pelham Parkway-Van Nest,Barnes Avenue,2147,Bronx,10462,http://www.nypl.org/locations/pelham-parkway-van-nest,2049427,2043210070,1021832,250761,NYPL,2,-73.8641466616336 40.854875880,-73.864146,40.854875
POINT (-74.13110461508398 40.63758561600359),Port Richmond,Bennett Street,75,Staten Island,10302,http://www.nypl.org/locations/port-richmond,5023763,5010070026,947863.184,171593.2389,NYPL,5,-74.13110461508398 40.63758561,-74.131104,40.637585
POINT (-74.13853387646311 40.566530146210184),Richmondtown,Clarke Avenue,200,Staten Island,10306,http://www.nypl.org/locations/richmondtown,5060744,5044700001,945760.3257,145709.1099,NYPL,5,-74.13853387646311 40.56653014,-74.138533,40.56653
POINT (-73.90277254280693 40.90372277707978),Riverdale,Mosholu Avenue,5540,Bronx,10471,http://www.nypl.org/locations/riverdale,2084790,2058481729,1011126.921,268543.647,NYPL,2,-73.90277254280693 40.90372277,-73.902772,40.903722
POINT (-73.98451216196563 40.77423207861022),Riverside,Amsterdam Avenue,127,New York,10023,http://www.nypl.org/locations/riverside,1077844,1011377501,988539.6988,221350.8082,NYPL,1,-73.98451216196563 40.77423207,-73.984512,40.774232
POINT (-73.95020567413508 40.76123275727826),Roosevelt Island,Main Street,524,New York,10044,http://www.nypl.org/locations/roosevelt-island,1084695,1013730030,998044.3296,216618.2658,NYPL,1,-73.95020567413508 40.76123275,-73.950205,40.761232
POINT (-73.94094393837611 40.81464862404033),Schomburg Center for Research in Black Culture,Malcolm X Boulevard,515,New York,10037,http://www.nypl.org/locations/schomburg,1058276,1019200029,1000596.952,236081.0876,NYPL,1,-73.94094393837611 40.81464862,-73.940943,40.814648
POINT (-73.98300921762814 40.74811515837409),"Science, Industry and Business Library (SIBL)",Madison Avenue,188,New York,10016,http://www.nypl.org/locations/sibl,1087934,1008647502,988957.8181,211835.6347,NYPL,1,-73.98300921762814 40.74811515,-73.983009,40.748115
POINT (-73.9174950173068 40.849444506294475),Sedgwick,Martin Luther King Jr. Boulevard,1701,Bronx,10453,http://www.nypl.org/locations/sedgwick,2100281,2028780224,1007075.764,248763.75,NYPL,2,-73.9174950173068 40.849444506,-73.917495,40.849444
POINT (-73.98850101814436 40.71440955033492),Seward Park,East Broadway,192,New York,10002,http://www.nypl.org/locations/seward-park,1004053,1003110031,987437.758,199555.3808,NYPL,1,-73.98850101814436 40.71440955,-73.988501,40.714409
POINT (-73.86288995608042 40.818709352248625),Soundview,Soundview Avenue,660,Bronx,10473,http://www.nypl.org/locations/soundview,2021838,2035580014,1022200.275,237584.747,NYPL,2,-73.86288995608042 40.81870935,-73.862889,40.818709
POINT (-74.06298045409709 40.59580257046463),South Beach,Robin Road,21-25,Staten Island,10305,http://www.nypl.org/locations/south-beach,5129317,5031210001,966759.4352,156349.6372,NYPL,5,-74.06298045409709 40.59580257,-74.06298,40.595802
POINT (-73.9146501854584 40.88628523559925),Spuyten Duyvil,West 235th Street,650,Bronx,10463,http://www.nypl.org/locations/spuyten-duyvil,2085867,2059150070,1007849.735,262187.0178,NYPL,2,-73.9146501854584 40.886285235,-73.91465,40.886285
POINT (-73.97745211592564 40.784834636708375),St. Agnes,Amsterdam Avenue,444,New York,10024,http://www.nypl.org/locations/st-agnes,1032683,1012290031,990494.1401,225214.1031,NYPL,1,-73.97745211592564 40.78483463,-73.977452,40.784834
POINT (-74.07667836343802 40.64179934831384),St. George Library Center,Central Avenue,5,Staten Island,10301,http://www.nypl.org/locations/st-george-library-center,5000030,5000050074,962970.0016,173110.4998,NYPL,5,-74.07667836343802 40.64179934,-74.076678,40.641799
POINT (-74.07786385638836 40.626256522293644),Stapleton,Canal Street,132,Staten Island,10304,http://www.nypl.org/locations/stapleton,5013792,5005260063,962635.9668,167448.123,NYPL,5,-74.07786385638836 40.62625652,-74.077863,40.626256
POINT (-73.98223080385785 40.75320442290988),Stephen A. Schwarzman Building,Fifth Avenue at 42nd Street,,New York,10018,http://www.nypl.org/locations/schwarzman,1034194,1012570001,989173.1254,213689.8608,NYPL,1,-73.98223080385785 40.75320442,-73.98223,40.753204
POINT (-73.97254082689402 40.75680235018433),Terence Cardinal Cooke-Cathedral,Lexington Avenue,560,New York,10022,http://www.nypl.org/locations/cathedral,1036451,1013050013,991857.4148,215001.3954,NYPL,1,-73.97254082689402 40.75680235,-73.97254,40.756802
POINT (-73.8190949368255 40.82287218481685),Throg's Neck,Cross Bronx Expressway Extension,3025,Bronx,10465,http://www.nypl.org/locations/throgs-neck,2077131,2054390001,1034319.019,239123.418,NYPL,2,-73.8190949368255 40.822872184,-73.819094,40.822872
POINT (-74.14852127833858 40.60960200172146),Todt Hill-Westerleigh,Victory Boulevard,2550,Staten Island,10314,http://www.nypl.org/locations/todt-hill-westerleigh,5035398,5020990005,943012.0762,161405.7968,NYPL,5,-74.14852127833858 40.60960200,-74.148521,40.609602
POINT (-73.98042071146763 40.72728802667872),Tompkins Square,East 10th Street,331,New York,10009,http://www.nypl.org/locations/tompkins-square,1005147,1004040039,989676.739,204247.8028,NYPL,1,-73.98042071146763 40.72728802,-73.98042,40.727288
POINT (-74.24410670826178 40.509531123859375),Tottenville,Amboy Road,7430,Staten Island,10307,http://www.nypl.org/locations/tottenville,5088113,5078990009,916370.6013,125007.1631,NYPL,5,-74.24410670826178 40.50953112,-74.244106,40.509531
POINT (-73.89834943816875 40.84604568736388),Tremont,Washington Avenue,1866,Bronx,10457,http://www.nypl.org/locations/tremont,2009573,2029180001,1012374,247531,NYPL,2,-73.89834943816875 40.84604568,-73.898349,40.846045
POINT (-73.8939211860628 40.88277969546436),Van Cortlandt,Sedgwick Avenue,3874,Bronx,10463,http://www.nypl.org/locations/van-cortlandt,2015233,2032460074,1013582.971,260916.0722,NYPL,2,-73.8939211860628 40.882779695,-73.893921,40.882779
POINT (-73.85958124409599 40.891085065406706),Wakefield,Lowerre Place,4100,Bronx,10466,http://www.nypl.org/locations/wakefield,2063175,2048320020,1023073.813,263955.4105,NYPL,2,-73.85958124409599 40.89108506,-73.859581,40.891085
POINT (-73.93971034945567 40.834548887305765),Washington Heights,St. Nicholas Avenue,1000,New York,10032,http://www.nypl.org/locations/washington-heights,1062551,1021090055,1000933.424,243331.7094,NYPL,1,-73.93971034945567 40.83454888,-73.93971,40.834548
POINT (-73.95134169404905 40.770652543462646),Webster,York Avenue,1465,New York,10021,http://www.nypl.org/locations/webster,1045991,1014720028,997727.7161,220050.0281,NYPL,1,-73.95134169404905 40.77065254,-73.951341,40.770652
POINT (-73.88301210482436 40.844644453005635),West Farms,Honeywell Avenue,2085,Bronx,10460,http://www.nypl.org/locations/west-farms,2013151,2031230061,1016618.11,247025.7736,NYPL,2,-73.88301210482436 40.84464445,-73.883012,40.844644
POINT (-74.11482187344863 40.63450894226954),West New Brighton,Castleton Avenue,976,Staten Island,10310,http://www.nypl.org/locations/west-new-brighton,5004936,5001780115,952380.8291,170465.981,NYPL,5,-74.11482187344863 40.63450894,-74.114821,40.634508
POINT (-73.84673061822738 40.84086754432402),Westchester Square,Glebe Avenue,2521,Bronx,10461,http://www.nypl.org/locations/westchester-square,2041911,2039860034,1026658.84,245665.1914,NYPL,2,-73.84673061822738 40.84086754,-73.84673,40.840867
POINT (-73.86794200000536 40.90043990975718),Woodlawn Heights,Katonah Avenue,4355,Bronx,10470,http://www.nypl.org/locations/woodlawn-heights,2019288,2033800054,1020757.045,267360.1648,NYPL,2,-73.86794200000536 40.90043990,-73.867942,40.900439
POINT (-73.90464799347694 40.82061890603643),Woodstock,East 160th Street,761,Bronx,10456,http://www.nypl.org/locations/woodstock,2004700,2026570030,1010641.442,238265.1298,NYPL,2,-73.90464799347694 40.82061890,-73.904647,40.820618
POINT (-73.95637252319334 40.77365564161395),Yorkville,East 79th Street,222,New York,10021,http://www.nypl.org/locations/yorkville,1044180,1014330037,996333.6974,221143.4228,NYPL,1,-73.95637252319334 40.77365564,-73.956372,40.773655
POINT (-73.88723723774561 40.68068925695902),Arlington,Arlington Avenue,203,Brooklyn,11207,http://www.bklynlibrary.org/locations/arlington,3087001,3039230052,1015526,187290,BPL,3,-73.88723723774561 40.68068925,-73.887237,40.680689
POINT (-74.02953835191357 40.633625713382486),Bay Ridge,Ridge Boulevard,7223,Brooklyn,11209,http://www.bklynlibrary.org/locations/bay-ridge,3147279,3059070001,976051.4271,170124.6923,BPL,3,-74.02953835191357 40.63362571,-74.029538,40.633625
POINT (-73.95616471363496 40.68181211172472),Bedford,Franklin Avenue,496,Brooklyn,11238,http://www.bklynlibrary.org/locations/bedford,3057384,3019970032,996408,187682,BPL,3,-73.95616471363496 40.68181211,-73.956164,40.681812
POINT (-73.98900318822345 40.638888838712376),Borough Park,43rd Street,1265,Brooklyn,11219,http://www.bklynlibrary.org/locations/borough-park,3135907,3055980048,987302,172041,BPL,3,-73.98900318822345 40.63888883,-73.989003,40.638888
POINT (-73.9667748761715 40.57610774698186),Brighton Beach <br> (Closed for Renovation),Brighton First Road,16,Brooklyn,11235,http://www.bklynlibrary.org/locations/brighton-beach,3245028,3086800032,993479.8099,149169.7808,BPL,3,-73.9667748761715 40.576107746,-73.966774,40.576107
POINT (-73.99134798814833 40.69568255523745),Brooklyn Heights,Cadman Plaza West,280,Brooklyn,11201,http://www.bklynlibrary.org/locations/brooklyn-heights,3001939,3002390016,986649.1924,192732.4843,BPL,3,-73.99134798814833 40.69568255,-73.991347,40.695682
POINT (-73.94856613670774 40.675370851852314),Brower Park,St. Marks Avenue,725,Brooklyn,11216,http://www.bklynlibrary.org/locations/brower-park,3030731,3012200063,998516.8921,185336.4102,BPL,3,-73.94856613670774 40.67537085,-73.948566,40.67537
POINT (-73.90860343294449 40.671526655858436),Brownsville,Glenmore Avenue,61,Brooklyn,11212,http://www.bklynlibrary.org/locations/brownsville,3080669,3034890150,1009603.335,183944.8979,BPL,3,-73.90860343294449 40.67152665,-73.908603,40.671526
POINT (-73.93961842135727 40.704559063938675),Bushwick,Bushwick Avenue,340,Brooklyn,11206,http://www.bklynlibrary.org/locations/bushwick,3071470,3030980019,1000991.508,195972.112,BPL,3,-73.93961842135727 40.70455906,-73.939618,40.704559
POINT (-73.89952442124468 40.64220845315574),Canarsie,Rockaway Parkway,1580,Brooklyn,11236,http://www.bklynlibrary.org/locations/canarsie,3230120,3082040068,1012134.096,173266.226,BPL,3,-73.89952442124468 40.64220845,-73.899524,40.642208
POINT (-73.99801906031493 40.683213515337584),Carroll Gardens,Clinton Street,396,Brooklyn,11231,http://www.bklynlibrary.org/locations/carroll-gardens,3004336,3003380033,984799.4149,188189.5361,BPL,3,-73.99801906031493 40.68321351,-73.998019,40.683213
POINT (-73.9682243828713 40.672343526336505),Brooklyn Central Library,Grand Army Plaza,10,Brooklyn,11238,http://www.bklynlibrary.org/locations/central,3029665,3011830002,993064.4243,184230.8793,BPL,3,-73.9682243828713 40.672343526,-73.968224,40.672343
POINT (-73.94763429707129 40.63574014928098),Clarendon,Nostrand Avenue,2035,Brooklyn,11210,http://www.bklynlibrary.org/locations/clarendon,3327822,3050050033,998784,170898,BPL,3,-73.94763429707129 40.63574014,-73.947634,40.63574
POINT (-73.96603066603613 40.68737909411427),Clinton Hill,Washington Avenue,380,Brooklyn,11238,http://www.bklynlibrary.org/locations/clinton-hill,3055495,3019450036,993670.8279,189708.9979,BPL,3,-73.96603066603613 40.68737909,-73.96603,40.687379
POINT (-73.9860619926265 40.57663777607667),Coney Island,Mermaid Avenue,1901,Brooklyn,11224,http://www.bklynlibrary.org/locations/coney-island,3189001,3070190043,988121.8935,149361.4412,BPL,3,-73.9860619926265 40.576637776,-73.986061,40.576637
POINT (-73.96596507806375 40.640803547205046),Cortelyou,Cortelyou Road,1305,Brooklyn,11226,http://www.bklynlibrary.org/locations/cortelyou,3118362,3051440080,993695.6107,172740.2238,BPL,3,-73.96596507806375 40.64080354,-73.965965,40.640803
POINT (-73.9481022990789 40.661189307734446),Crown Heights,New York Avenue,560,Brooklyn,11225,http://www.bklynlibrary.org/locations/crown-heights,3106505,3047910046,998648.6139,180169.749,BPL,3,-73.9481022990789 40.661189307,-73.948102,40.661189
POINT (-73.8740348780572 40.67270747286009),Cypress Hills,Sutter Avenue,1197,Brooklyn,11208,http://www.bklynlibrary.org/locations/cypress-hills,3252993,3042470033,1019192,184387,BPL,3,-73.8740348780572 40.672707472,-73.874034,40.672707
POINT (-73.92839866742115 40.694816700021924),DeKalb,Bushwick Avenue,790,Brooklyn,11221,http://www.bklynlibrary.org/locations/dekalb,3073751,3032410018,1004105.218,192425.024,BPL,3,-73.92839866742115 40.69481670,-73.928398,40.694816
POINT (-74.0119885202191 40.616308136970446),Dyker,13th Avenue,8202,Brooklyn,11228,http://www.bklynlibrary.org/locations/dyker,3164019,3063020036,980921.6402,163814.285,BPL,3,-74.0119885202191 40.616308136,-74.011988,40.616308
POINT (-73.91494061956683 40.655710884739364),East Flatbush,Church Avenue,9612,Brooklyn,11212,http://www.bklynlibrary.org/locations/east-flatbush,3103597,3047170038,1007851,178181,BPL,3,-73.91494061956683 40.65571088,-73.91494,40.65571
POINT (-73.93365084956477 40.66848651013449),Eastern Parkway,Eastern Parkway,1044,Brooklyn,11213,http://www.bklynlibrary.org/locations/eastern-parkway,3037543,3013960006,1002656.042,182831.0307,BPL,3,-73.93365084956477 40.66848651,-73.93365,40.668486
POINT (-73.95824218248399 40.651925081044595),Flatbush,Linden Boulevard,22,Brooklyn,11226,http://www.bklynlibrary.org/locations/flatbush,3116706,3050860015,995836.9913,176793.03,BPL,3,-73.95824218248399 40.65192508,-73.958242,40.651925
POINT (-73.93321325624171 40.61976819625962),Flatlands,Flatbush Avenue,2065,Brooklyn,11234,http://www.bklynlibrary.org/locations/flatlands,3219626,3078680039,1002790.968,165081.7158,BPL,3,-73.93321325624171 40.61976819,-73.933213,40.619768
POINT (-74.0313694054087 40.61637311059178),Fort Hamilton,Fourth Avenue,9424,Brooklyn,11209,http://www.bklynlibrary.org/locations/fort-hamilton,3155499,3061140037,975540.9547,163839.2882,BPL,3,-74.0313694054087 40.616373110,-74.031369,40.616373
POINT (-73.9239376273276 40.59137103427607),Gerritsen Beach,Gerritsen Avenue,2808,Brooklyn,11229,http://www.bklynlibrary.org/locations/gerritsen-beach,3343823,3089230920,1005375,154738,BPL,3,-73.9239376273276 40.591371034,-73.923937,40.591371
POINT (-73.9718084463328 40.590544390004084),Gravesend,Avenue X,303,Brooklyn,11223,http://www.bklynlibrary.org/locations/gravesend,3194486,3071740096,992079.8111,154428.9209,BPL,3,-73.9718084463328 40.590544390,-73.971808,40.590544
POINT (-73.95069497514092 40.72602806688718),Greenpoint,Norman Avenue,107,Brooklyn,11222,http://www.bklynlibrary.org/locations/greenpoint,3065691,3026210032,997916,203792,BPL,3,-73.95069497514092 40.72602806,-73.950694,40.726028
POINT (-73.98624641554409 40.605693037370436),Highlawn,West 13th Street,1664,Brooklyn,11223,http://www.bklynlibrary.org/locations/highlawn,3175253,3066180034,988069,159947,BPL,3,-73.98624641554409 40.60569303,-73.986246,40.605693
POINT (-73.96059936964683 40.5952368631223),Homecrest,Coney Island Avenue,2525,Brooklyn,11223,http://www.bklynlibrary.org/locations/homecrest,3200560,3073710080,995192.2068,156139.7088,BPL,3,-73.96059936964683 40.59523686,-73.960599,40.595236
POINT (-73.88924363004107 40.63446013901777),Jamaica Bay,Seaview Avenue,9727,Brooklyn,11236,http://www.bklynlibrary.org/locations/jamaica-bay,3234514,3083000001,1014990.801,170446.7478,BPL,3,-73.88924363004107 40.63446013,-73.889243,40.63446
POINT (-73.97543590517284 40.63129183260273),Kensington,18th Avenue,4207,Brooklyn,11218,http://www.bklynlibrary.org/locations/kensington,3416544,3054160014,991068.172,169273.9706,BPL,3,-73.97543590517284 40.63129183,-73.975435,40.631291
POINT (-73.94112492296973 40.594861515121615),Kings Bay,Nostrand Avenue,3650,Brooklyn,11229,http://www.bklynlibrary.org/locations/kings-bay,3202630,3074050920,1000600.674,156005.9938,BPL,3,-73.94112492296973 40.59486151,-73.941124,40.594861
POINT (-73.95310584865699 40.610256667276076),Kings Highway,Ocean Avenue,2115,Brooklyn,11229,http://www.bklynlibrary.org/locations/kings-highway,3182576,3067830068,997270.3519,161612.834,BPL,3,-73.95310584865699 40.61025666,-73.953105,40.610256
POINT (-73.94793571283621 40.71364488802169),Leonard,Devoe Street,81,Brooklyn,11211,http://www.bklynlibrary.org/locations/leonard,3068818,3027620021,998683.4731,199280.8712,BPL,3,-73.94793571283621 40.71364488,-73.947935,40.713644
POINT (-73.93480547027619 40.68300490204431),Macon,Lewis Avenue,361,Brooklyn,11233,http://www.bklynlibrary.org/locations/macon,3046408,3016650001,1002331.8,188120.2547,BPL,3,-73.93480547027619 40.68300490,-73.934805,40.683004
POINT (-73.989440154021 40.62309139633207),Mapleton,60th Street,1702,Brooklyn,11204,http://www.bklynlibrary.org/locations/mapleton,3132091,3055180004,987181.4206,166285.554,BPL,3,-73.989440154021 40.6230913963,-73.98944,40.623091
POINT (-73.95128349802154 40.69162308733465),Marcy,DeKalb Avenue,617,Brooklyn,11216,http://www.bklynlibrary.org/locations/marcy,3049472,3017740081,997759.8486,191257.1389,BPL,3,-73.95128349802154 40.69162308,-73.951283,40.691623
POINT (-74.01183730763366 40.62918753393924),McKinley Park,Fort Hamilton Parkway,6802,Brooklyn,11219,http://www.bklynlibrary.org/locations/mckinley-park,3143032,3057710012,980964.2551,168506.5842,BPL,3,-74.01183730763366 40.62918753,-74.011837,40.629187
POINT (-73.96031449280875 40.62589330718781),Midwood,East 16th Street,975,Brooklyn,11230,http://www.bklynlibrary.org/locations/midwood,3179706,3067090054,995266.2617,167308.6831,BPL,3,-73.96031449280875 40.62589330,-73.960314,40.625893
POINT (-73.91702120710569 40.61986842104019),Mill Basin,Ralph Avenue,2385,Brooklyn,11234,http://www.bklynlibrary.org/locations/mill-basin,3235910,3083630009,1007286.08,165122.073,BPL,3,-73.91702120710569 40.61986842,-73.917021,40.619868
POINT (-73.88607053682676 40.665159369730134),New Lots,New Lots Avenue,665,Brooklyn,11207,http://www.bklynlibrary.org/locations/new-lots,3090726,3040900001,1015856.956,181632.4429,BPL,3,-73.88607053682676 40.66515936,-73.88607,40.665159
POINT (-74.00337654508532 40.608009349952326),"New Utrecht <br> (Temporary Closed, will reopen later this Summer (2016).",86th Street,1743,Brooklyn,11214,http://www.bklynlibrary.org/locations/new-utrecht,3165745,3063430064,983312.4569,160790.6109,BPL,3,-74.00337654508532 40.60800934,-74.003376,40.608009
POINT (-73.97858353651877 40.68346662977525),Pacific,Fourth Avenue,25,Brooklyn,11217,http://www.bklynlibrary.org/locations/pacific,3018376,3009280006,990189.8472,188282.473,BPL,3,-73.97858353651877 40.68346662,-73.978583,40.683466
POINT (-73.91998488083019 40.63263699303789),Paerdegat,East 59th Street,850,Brooklyn,11234,http://www.bklynlibrary.org/locations/paerdegat,3214944,3077620053,1006459.073,169773.236,BPL,3,-73.91998488083019 40.63263699,-73.919984,40.632636
POINT (-73.98345536969875 40.66823507229803),Park Slope,6th Avenue,431,Brooklyn,11215,http://www.bklynlibrary.org/locations/park-slope,3022144,3010060001,988839.6944,182732.8876,BPL,3,-73.98345536969875 40.66823507,-73.983455,40.668235
POINT (-74.0103430690854 40.6752407736475),Red Hook,Wolcott Street,7,Brooklyn,11231,http://www.bklynlibrary.org/locations/red-hook,3008650,3005770029,981381,185285,BPL,3,-74.0103430690854 40.675240773,-74.010343,40.67524
POINT (-73.93035653080916 40.64861929304924),Rugby,Utica Avenue,1000,Brooklyn,11203,http://www.bklynlibrary.org/locations/rugby,3103730,3047210028,1003575.68,175593.5608,BPL,3,-73.93035653080916 40.64861929,-73.930356,40.648619
POINT (-73.97596652755537 40.61587982519312),Ryder,23rd Avenue,5902,Brooklyn,11204,http://www.bklynlibrary.org/locations/ryder,3172049,3065480037,990922.4296,163658.9272,BPL,3,-73.97596652755537 40.61587982,-73.975966,40.615879
POINT (-73.91513241598248 40.68481004767251),Saratoga,Thomas S. Boyland Street,8,Brooklyn,11233,http://www.bklynlibrary.org/locations/saratoga,3040218,3014980035,1007787.512,188782.5949,BPL,3,-73.91513241598248 40.68481004,-73.915132,40.68481
POINT (-73.95537377987904 40.58701342922593),Sheepshead Bay,East 14th Street,2636,Brooklyn,11235,http://www.bklynlibrary.org/locations/sheepshead-bay,3204896,3074580020,996644.9658,153144.4,BPL,3,-73.95537377987904 40.58701342,-73.955373,40.587013
POINT (-73.88586614058737 40.653209761333976),Spring Creek,Flatlands Avenue,12143,Brooklyn,11207,http://www.bklynlibrary.org/locations/spring-creek,3098071,3044130025,1015919.333,177278.9444,BPL,3,-73.88586614058737 40.65320976,-73.885866,40.653209
POINT (-73.90524945420668 40.66449962821875),Stone Avenue,Mother Gaston Boulevard,581,Brooklyn,11212,http://www.bklynlibrary.org/locations/stone-avenue,3084596,3037940018,1010536.495,181385.7428,BPL,3,-73.90524945420668 40.66449962,-73.905249,40.664499
POINT (-74.013630001215 40.64591212398883),Sunset Park,4th Avenue,5108,Brooklyn,11220,http://www.bklynlibrary.org/locations/sunset-park,3013507,3007980034,980467.5958,174599.8769,BPL,3,-74.013630001215 40.6459121239,-74.01363,40.645912
POINT (-73.98862740604375 40.59268511632151),Ulmer Park,Bath Avenue,2602,Brooklyn,11214,http://www.bklynlibrary.org/locations/ulmer-park,3186777,3068970035,987408.4782,155207.7866,BPL,3,-73.98862740604375 40.59268511,-73.988627,40.592685
POINT (-73.97773263286963 40.69448969834957),Walt Whitman,Saint Edwards Street,93,Brooklyn,11205,http://www.bklynlibrary.org/locations/walt-whitman,3058036,3020390001,990424.8243,192298.5577,BPL,3,-73.97773263286963 40.69448969,-73.977732,40.694489
POINT (-73.91220085369726 40.697495053029975),Washington Irving,Irving Avenue,360,Brooklyn,11237,http://www.bklynlibrary.org/locations/washington-irving,3076852,3033620032,1008595.931,193404.9134,BPL,3,-73.91220085369726 40.69749505,-73.9122,40.697495
POINT (-73.9575546134494 40.70693042467486),Williamsburgh,Division Avenue,240,Brooklyn,11211,http://www.bklynlibrary.org/locations/williamsburgh,3060090,3021890001,996018.068,196833.151,BPL,3,-73.9575546134494 40.706930424,-73.957554,40.70693
POINT (-73.9767587688368 40.64875019151304),Windsor Terrace,East 5th Street,160,Brooklyn,11218,http://www.bklynlibrary.org/locations/windsor-terrace,3124000,3053180010,990699.3016,175634.424,BPL,3,-73.9767587688368 40.648750191,-73.976758,40.64875
POINT (-73.78404002857111 40.59314678303443),Arverne,Beach 54 Street,312,Arverne,11692,http://www.queenslibrary.org/branch/Arverne?filters=ev_loc:92300000,4301922,4158900018,1044227.475,155449.7121,QPL,4,-73.78404002857111 40.59314678,-73.78404,40.593146
POINT (-73.92874209024014 40.77237538146876),Astoria,Astoria Boulevard,14-01,Long Island City,11102,http://www.queenslibrary.org/branch/Astoria?filters=ev_loc:92400000,4006113,4005400030,1003987,220682,QPL,4,-73.92874209024014 40.77237538,-73.928742,40.772375
POINT (-73.79634178839724 40.773746255710755),Auburndale,Francis Lewis Boulevard,25-55,Flushing,11358,http://www.queenslibrary.org/branch/Auburndale?filters=ev_loc:92500000,4129461,4057690010,1040658,221239,QPL,4,-73.79634178839724 40.77374625,-73.796341,40.773746
POINT (-73.79167861112357 40.68031131164878),Baisley Park,Sutphin Boulevard,117-11,Jamaica,11436,http://www.queenslibrary.org/branch/Baisley-Park?filters=ev_loc:92600000,4264849,4122040099,1042030.532,187200.8793,QPL,4,-73.79167861112357 40.68031131,-73.791678,40.680311
POINT (-73.77701089642582 40.78252384357715),Bay Terrace,Bell Boulevard,18-36,Bayside,11360,http://www.queenslibrary.org/branch/Bay-Terrace?filters=ev_loc:96600000,4131148,4058650082,1046004,224450,QPL,4,-73.77701089642582 40.78252384,-73.77701,40.782523
POINT (-73.76836198066813 40.76012558120687),Bayside,Northern Boulevard,214-20,Bayside,11361,http://www.queenslibrary.org/branch/Bayside?filters=ev_loc:91100000,4157389,4073330215,1048420.781,216295.8099,QPL,4,-73.76836198066813 40.76012558,-73.768361,40.760125
POINT (-73.71710447116403 40.7351605518022),Bellerose,Hillside Avenue,250-06,Bellerose,11426,http://www.queenslibrary.org/branch/Bellerose?filters=ev_loc:96400000,4175514,4086040085,1062650,207242,QPL,4,-73.71710447116403 40.73516055,-73.717104,40.73516
POINT (-73.81945312008847 40.71003455781208),Briarwood,Main Street,85-12,Briarwood,11435,http://www.queenslibrary.org/branch/Briarwood?filters=ev_loc:92700000,4206518,4096510025,1034304.618,198012.813,QPL,4,-73.81945312008847 40.71003455,-73.819453,40.710034
POINT (-73.82005265821793 40.600732105185145),Broad Channel,Cross Bay Boulevard,16-26,Broad Channel,11693,http://www.queenslibrary.org/branch/Broad-Channel?filters=ev_loc:97200000,4297581,4154810530,1034220.207,158190.6308,QPL,4,-73.82005265821793 40.60073210,-73.820052,40.600732
POINT (-73.91862332039818 40.75852926696433),Broadway,Broadway,40-20,Long Island City,11103,http://www.queenslibrary.org/branch/Broadway?filters=ev_loc:91200000,4011018,4006760050,1006794.38,215639.847,QPL,4,-73.91862332039818 40.75852926,-73.918623,40.758529
POINT (-73.741163136486 40.695722605950635),Cambria Heights,Linden Boulevard,218-13,Cambria Heights,11411,http://www.queenslibrary.org/branch/Cambria-Heights?filters=ev_loc:92800000,4536041,4113190001,1056025,192853,QPL,4,-73.741163136486 40.6957226059,-73.741163,40.695722
POINT (-73.7946780399278 40.70787313178586),Queens Central Library,Merrick Boulevard,89-11,Jamaica,11432,http://www.queenslibrary.org/branch/Central-Library?filters=ev_loc:11000000,4209635,4097980006,1041175.068,197240.4707,QPL,4,-73.7946780399278 40.707873131,-73.794678,40.707873
POINT (-73.86197684397808 40.7508940803989),Corona,104 Street,38-23,Corona,11368,http://www.queenslibrary.org/branch/Corona?filters=ev_loc:92900000,4044596,4017750077,1022491.943,212877.757,QPL,4,-73.86197684397808 40.75089408,-73.861976,40.750894
POINT (-73.94442138618983 40.74689957448345),Court Square,Jackson Avenue,25-01,Long Island City,11101,http://www.queenslibrary.org/branch/Court-Square?filters=ev_loc:97100000,4539937,4000790030,999650.0417,211397.1875,QPL,4,-73.94442138618983 40.74689957,-73.944421,40.746899
POINT (-73.73822944076473 40.768225432005),Douglaston/Little Neck,Northern Boulevard,249-01,Little Neck,11363,http://www.queenslibrary.org/branch/Douglaston/Little-Neck?filters=ev_loc:93000000,4169275,4081260087,1056759.569,219270.3492,QPL,4,-73.73822944076473 40.76822543,-73.738229,40.768225
POINT (-73.87386662995279 40.76242212968529),East Elmhurst,Astoria Boulevard,95-06,East Elmhurst,11369,http://www.queenslibrary.org/branch/East-Elmhurst?filters=ev_loc:93100000,4437122,4013750001,1019191.606,217072.8294,QPL,4,-73.87386662995279 40.76242212,-73.873866,40.762422
POINT (-73.78430296366649 40.757545679612846),East Flushing,Northern Boulevard,196-36,Flushing,11358,http://www.queenslibrary.org/branch/East-Flushing?filters=ev_loc:96200000,4124564,4055200018,1044006.967,215344.5943,QPL,4,-73.78430296366649 40.75754567,-73.784302,40.757545
POINT (-73.87797365739723 40.738303240536474),Elmhurst <br> (Temporary location due to renovations),51 Avenue,85-08,Elmhurst,11373,http://www.queenslibrary.org/branch/Elmhurst?filters=ev_loc:93200000,4539447,4015490001,1018066.115,208283.9375,QPL,4,-73.87797365739723 40.73830324,-73.877973,40.738303
POINT (-73.75247942402618 40.60431350914963),Far Rockaway,Central Avenue,1637,Far Rockaway,11691,http://www.queenslibrary.org/branch/Far-Rockaway?filters=ev_loc:91300000,4298240,4155590025,1052981.125,159541.2083,QPL,4,-73.75247942402618 40.60431350,-73.752479,40.604313
POINT (-73.82888468513289 40.75777406826378),Flushing,Main Street,41-17,Flushing,11355,http://www.queenslibrary.org/branch/Flushing?filters=ev_loc:91400000,4114282,4050430011,1031655.848,215400.5338,QPL,4,-73.82888468513289 40.75777406,-73.828884,40.757774
POINT (-73.84301499681045 40.722146953166686),Forest Hills,71 Avenue,108-19,Forest Hills,11375,http://www.queenslibrary.org/branch/Forest-Hills?filters=ev_loc:91500000,4052345,4022230054,1027764.448,202413.1359,QPL,4,-73.84301499681045 40.72214695,-73.843014,40.722146
POINT (-73.78228143761608 40.74158266352509),Fresh Meadows,Horace Harding Expressway,193-20,Fresh Meadows,11365,http://www.queenslibrary.org/branch/Fresh-Meadows?filters=ev_loc:91600000,4444054,4071170200,1044581.467,209530.157,QPL,4,-73.78228143761608 40.74158266,-73.782281,40.741582
POINT (-73.71484580101803 40.745172198133105),Glen Oaks,Union Turnpike,256-04,Glen Oaks,11004,http://www.queenslibrary.org/branch/Glen-Oaks?filters=ev_loc:93300000,4177530,4086930010,1063264.079,210891.5704,QPL,4,-73.71484580101803 40.74517219,-73.714845,40.745172
POINT (-73.87574434777649 40.702585245598996),Glendale,73 Place,78-60,Glendale,11385,http://www.queenslibrary.org/branch/Glendale?filters=ev_loc:93400000,4090100,4036960047,1018702.363,195271.6562,QPL,4,-73.87574434777649 40.70258524,-73.875744,40.702585
POINT (-73.78191929899681 40.72925482196691),Hillcrest,Union Turnpike,187-05,Flushing,11366,http://www.queenslibrary.org/branch/Hillcrest?filters=ev_loc:96500000,4155032,4072040040,1044693,205039,QPL,4,-73.78191929899681 40.72925482,-73.781919,40.729254
POINT (-73.76232032699329 40.720166536917226),Hollis,Hillside Avenue,202-05,Hollis,11423,http://www.queenslibrary.org/branch/Hollis?filters=ev_loc:93500000,4224387,4105320120,1050134,201742,QPL,4,-73.76232032699329 40.72016653,-73.76232,40.720166
POINT (-73.84180221655218 40.66381025649444),Howard Beach,156 Avenue,92-06,Howard Beach,11414,http://www.queenslibrary.org/branch/Howard-Beach?filters=ev_loc:93600000,4292455,4139570001,1028139,181160,QPL,4,-73.84180221655218 40.66381025,-73.841802,40.66381
POINT (-73.88506932468307 40.75019608559315),Jackson Heights,81 Street,35-51,Jackson Heights,11372,http://www.queenslibrary.org/branch/Jackson-Heights?filters=ev_loc:91700000,4029693,4012810048,1016094.069,212614.2172,QPL,4,-73.88506932468307 40.75019608,-73.885069,40.750196
POINT (-73.82226966032037 40.72693697185495),Kew Gardens Hills <br> (Temporary location),Main Street,71-34,Flushing,11367,http://www.queenslibrary.org/branch/Kew-Gardens-Hills?filters=ev_loc:92200000,4143376,4066200032,1033511.27,204169.2706,QPL,4,-73.82226966032037 40.72693697,-73.822269,40.726936
POINT (-73.86819939085701 40.757577301854525),Langston Hughes,Northern Boulevard,100-01,Corona,11368,http://www.queenslibrary.org/branch/Langston-Hughes?filters=ev_loc:98200000,4437193,4016950039,1020764.206,215310.0134,QPL,4,-73.86819939085701 40.75757730,-73.868199,40.757577
POINT (-73.74567356126445 40.67695272804687),Laurelton,225 Street,134-26,Laurelton,11413,http://www.queenslibrary.org/branch/Laurelton?filters=ev_loc:91800000,4281443,4131050007,1054794.125,186010.9522,QPL,4,-73.74567356126445 40.67695272,-73.745673,40.676952
POINT (-73.82482969850855 40.68690728824833),Lefferts,Lefferts Boulevard,103-34,Richmond Hill,11419,http://www.queenslibrary.org/branch/Lefferts?filters=ev_loc:91000000,4203685,4095560020,1032830.873,189583.8528,QPL,4,-73.82482969850855 40.68690728,-73.824829,40.686907
POINT (-73.86165592933878 40.737434137948505),Lefrak City,57 Avenue,98-30,Corona,11368,http://www.queenslibrary.org/branch/Lefrak-City?filters=ev_loc:93700000,4047321,4019180070,1022588.603,207974.0168,QPL,4,-73.86165592933878 40.73743413,-73.861655,40.737434
POINT (-73.93930930198185 40.75780342796006),Long Island City,21 Street,37-44,Long Island City,11101,http://www.queenslibrary.org/branch/Long-Island-City?filters=ev_loc:97300000,4463561,4003630001,1001063.775,215370.753,QPL,4,-73.93930930198185 40.75780342,-73.939309,40.757803
POINT (-73.89310456490118 40.72699537010918),Maspeth,Grand Avenue,69-70,Maspeth,11378,http://www.queenslibrary.org/branch/Maspeth?filters=ev_loc:93900000,4308052,4027960008,1013878.045,204158.6501,QPL,4,-73.89310456490118 40.72699537,-73.893104,40.726995
POINT (-73.8098334843409 40.76375031625646),McGoldrick,Roosevelt Avenue,155-06,Flushing,11354,http://www.queenslibrary.org/branch/McGoldrick?filters=ev_loc:93800000,4119345,4052750120,1036929.065,217588.7558,QPL,4,-73.8098334843409 40.763750316,-73.809833,40.76375
POINT (-73.88085934625774 40.71293387617611),Middle Village,Metropolitan Avenue,72-31,Middle Village,11379,http://www.queenslibrary.org/branch/Middle-Village?filters=ev_loc:94000000,4312065,4030577501,1017279,199040,QPL,4,-73.88085934625774 40.71293387,-73.880859,40.712933
POINT (-73.82694112165963 40.76914153216748),Mitchell-Linden,Union Street,31-32,Flushing,11354,http://www.queenslibrary.org/branch/Mitchell-Linden?filters=ev_loc:94100000,4535108,4044147504,1032186.111,219543.125,QPL,4,-73.82694112165963 40.76914153,-73.826941,40.769141
POINT (-73.85367250555949 40.711156858305394),North Forest Park,Metropolitan Avenue,98-27,Forest Hills,11375,http://www.queenslibrary.org/branch/North-Forest-Park?filters=ev_loc:96800000,4076687,4032070022,1024817,198404,QPL,4,-73.85367250555949 40.71115685,-73.853672,40.711156
POINT (-73.73183792044951 40.75925363922453),North Hills,Marathon Parkway,57-04,Little Neck,11362,http://www.queenslibrary.org/branch/North-Hills?filters=ev_loc:94200000,4171760,4082760657,1058540,216007,QPL,4,-73.73183792044951 40.75925363,-73.731837,40.759253
POINT (-73.84648846296761 40.680867178856886),Ozone Park <br> (Closed for renovations),Rockaway Boulevard,92-24,Ozone Park,11417,http://www.queenslibrary.org/branch/Ozone-Park?filters=ev_loc:94300000,4189526,4091130030,1026828,187372,QPL,4,-73.84648846296761 40.68086717,-73.846488,40.680867
POINT (-73.81606502823946 40.58586414713836),Peninsula,Rockaway Beach Boulevard,92-25,Rockaway Beach,11693,http://www.queenslibrary.org/branch/Peninsula?filters=ev_loc:94400000,4303629,4161350013,1035338.918,152776.1684,QPL,4,-73.81606502823946 40.58586414,-73.816065,40.585864
POINT (-73.81009488691065 40.732925077255004),Pomonok,Jewel Avenue,158-21,Flushing,11365,http://www.queenslibrary.org/branch/Pomonok?filters=ev_loc:94500000,4438294,4067900022,1036881,206358,QPL,4,-73.81009488691065 40.73292507,-73.810094,40.732925
POINT (-73.84601807353184 40.786213103407846),Poppenhusen,14 Avenue,121-23,College Point,11356,http://www.queenslibrary.org/branch/Poppenhusen?filters=ev_loc:94600000,4097863,4040420113,1026891,225753,QPL,4,-73.84601807353184 40.78621310,-73.846018,40.786213
POINT (-73.75351240691268 40.60239019036059),Queens Library for Teens,Cornaga Avenue,2002,Far Rockaway,11691,http://www.queenslibrary.org/branch/Queens-Library-for-Teens?filters=ev_loc:91309134,4000000,4157040001,1052696.26,158839.6875,QPL,4,-73.75351240691268 40.60239019,-73.753512,40.60239
POINT (-73.73904906070274 40.7198883271777),Queens Village,217 Street,94-11,Queens Village,11428,http://www.queenslibrary.org/branch/Queens-Village?filters=ev_loc:91900000,4226761,4106210012,1056585,201659,QPL,4,-73.73904906070274 40.71988832,-73.739049,40.719888
POINT (-73.82516996389201 40.74293094649011),Queensboro Hill,Main Street,60-05,Flushing,11355,http://www.queenslibrary.org/branch/Queensboro-Hill?filters=ev_loc:96900000,4140176,4064050050,1032695.768,209994.749,QPL,4,-73.82516996389201 40.74293094,-73.825169,40.74293
POINT (-73.94424078652605 40.755073718041466),Queensbridge <br> Now a Family Literacy Center,41 Avenue,Oct-43,LIC,11101,http://www.queenslibrary.org/branch/Queensbridge?filters=ev_loc:94700000,4595582,4004700100,999698.1875,214375.3229,QPL,4,-73.94424078652605 40.75507371,-73.94424,40.755073
POINT (-73.93640396909242 40.76067995120377),Ravenswood <br> Now a Family Literacy Center,21 Street,35-32,LIC,11106,http://www.queenslibrary.org/branch/Ravenswood?filters=ev_loc:94800000,4430693,4003320002,1001867.908,216419.3352,QPL,4,-73.93640396909242 40.76067995,-73.936403,40.760679
POINT (-73.86450282598912 40.72731656026829),Rego Park,63 Drive,91-41,Rego Park,11374,http://www.queenslibrary.org/branch/Rego-Park?filters=ev_loc:92000000,4072812,4031030043,1021805.359,204286.6377,QPL,4,-73.86450282598912 40.72731656,-73.864502,40.727316
POINT (-73.83164233461157 40.70079720332697),Richmond Hill,Hillside Avenue,118-14,Richmond Hill,11418,http://www.queenslibrary.org/branch/Richmond-Hill?filters=ev_loc:94900000,4193458,4092640056,1030931.766,194640.6438,QPL,4,-73.83164233461157 40.70079720,-73.831642,40.700797
POINT (-73.90258827579805 40.70522689472795),Ridgewood,Madison Street,20-12,Ridgewood,11385,http://www.queenslibrary.org/branch/Ridgewood?filters=ev_loc:92100000,4083512,4034910001,1011258.28,196224.67,QPL,4,-73.90258827579805 40.70522689,-73.902588,40.705226
POINT (-73.7705902160538 40.67287520439724),Rochdale Village,137 Avenue,169-09,Jamaica,11434,http://www.queenslibrary.org/branch/Rochdale-Village?filters=ev_loc:95000000,4270057,4124950175,1047886.743,184506.3157,QPL,4,-73.7705902160538 40.672875204,-73.77059,40.672875
POINT (-73.73991101315558 40.659963623126),Rosedale,243 Street,144-20,Rosedale,11422,http://www.queenslibrary.org/branch/Rosedale?filters=ev_loc:95100000,4287999,4135490007,1056410.893,179826.0607,QPL,4,-73.73991101315558 40.65996362,-73.739911,40.659963
POINT (-73.83774700520225 40.57940488152449),Seaside,Rockaway Beach Boulevard,116-15,Rockaway Park,11694,http://www.queenslibrary.org/branch/Seaside?filters=ev_loc:96300000,4304786,4162260001,1029321,150411,QPL,4,-73.83774700520225 40.57940488,-73.837747,40.579404
POINT (-73.75379739629261 40.707003911354256),South Hollis,Hollis Avenue,204-01,South Hollis,11412,http://www.queenslibrary.org/branch/South-Hollis?filters=ev_loc:95300000,4442263,4109070030,1052510,196953,QPL,4,-73.75379739629261 40.70700391,-73.753797,40.707003
POINT (-73.79021187041809 40.695611117576654),South Jamaica,Guy R. Brewer Boulevard,108-41,Jamaica,11433,http://www.queenslibrary.org/branch/South-Jamaica?filters=ev_loc:95400000,4539786,4101710008,1042424,192776,QPL,4,-73.79021187041809 40.69561111,-73.790211,40.695611
POINT (-73.80926182925428 40.674783953734696),South Ozone Park,Rockaway Boulevard,128-16,South Ozone Park,11420,http://www.queenslibrary.org/branch/South-Ozone-Park?filters=ev_loc:95500000,4254814,4117500057,1037158,185176,QPL,4,-73.80926182925428 40.67478395,-73.809261,40.674783
POINT (-73.76007289358745 40.69249997141939),St.Albans,Linden Boulevard,191-05,St. Albans,11412,http://www.queenslibrary.org/branch/St.Albans?filters=ev_loc:95200000,4238275,4110620024,1050784.588,191663.9752,QPL,4,-73.76007289358745 40.69249997,-73.760072,40.692499
POINT (-73.90945659290355 40.77682707405275),Steinway,31 Street,21-45,Long Island City,11105,http://www.queenslibrary.org/branch/Steinway?filters=ev_loc:95600000,4016923,4008310015,1009327.015,222308.8334,QPL,4,-73.90945659290355 40.77682707,-73.909456,40.776827
POINT (-73.9216680312544 40.7408466968306),Sunnyside,Greenpoint Avenue,43-06,Long Island City,11104,http://www.queenslibrary.org/branch/Sunnyside?filters=ev_loc:95700000,4002111,4001730016,1005956.643,209196.751,QPL,4,-73.9216680312544 40.740846696,-73.921668,40.740846
POINT (-73.81070183926587 40.78854019464647),Whitestone,14 Road,151-10,Whitestone,11357,http://www.queenslibrary.org/branch/Whitestone?filters=ev_loc:95800000,4107201,4047170025,1036669,226620,QPL,4,-73.81070183926587 40.78854019,-73.810701,40.78854
POINT (-73.7556194209342 40.73450483347836),Windsor Park,Bell Boulevard,79-50,Bayside,11364,http://www.queenslibrary.org/branch/Windsor-Park?filters=ev_loc:95900000,4164306,4077720001,1051976.89,206970.9776,QPL,4,-73.7556194209342 40.734504833,-73.755619,40.734504
POINT (-73.86145741517984 40.69453115325741),Woodhaven,Forest Parkway,85-41,Woodhaven,11421,http://www.queenslibrary.org/branch/Woodhaven?filters=ev_loc:96000000,4181578,4088560085,1022668.338,192343.257,QPL,4,-73.86145741517984 40.69453115,-73.861457,40.694531
POINT (-73.9097937387323 40.745341712986715),Woodside,Skillman Avenue,54-22,Woodside,11377,http://www.queenslibrary.org/branch/Woodside?filters=ev_loc:96100000,4030847,4013170085,1009245.451,210837.5931,QPL,4,-73.9097937387323 40.745341712,-73.909793,40.745341
